{
  "1101":{
    "name": "生骨丹",
    "type": "丹药",
    "buff_type": "hp",
    "buff": 0.05,
    "price": 100000,
    "selling": 100,
    "desc": "回复状态的5%，搬血境以上可以使用！",
    "境界": "搬血境",
    "status": 1,
    "quantity": 1,
    "day_num":10,
    "all_num":999999,
    "rank":55
  },
  "1102":{
    "name": "化瘀丹",
    "type": "丹药",
    "buff_type": "hp",
    "buff": 0.1,
    "price": 100000,
    "selling": 100,
    "desc": "回复状态的10%，洞天境以上可以使用！",
    "境界": "洞天境",
    "status": 1,
    "quantity": 1,
    "day_num":10,
    "all_num":999999,
    "rank":52
  },
  "1103":{
    "name": "培元丹",
    "type": "丹药",
    "buff_type": "hp",
    "buff": 0.15,
    "price": 100000,
    "selling": 100,
    "desc": "回复状态的15%，化灵境以上可以使用！",
    "境界": "化灵境",
    "status": 1,
    "quantity": 1,
    "day_num":10,
    "all_num":999999,
    "rank":49
  },
  "1104":{
    "name": "棒棒糖",
    "type": "丹药",
    "buff_type": "hp",
    "buff": 0.2,
    "price": 100000,
    "selling": 100,
    "desc": "回复状态的20%，铭纹境以上可以使用！",
    "境界": "铭纹境",
    "status": 1,
    "quantity": 1,
    "day_num":10,
    "all_num":999999,
    "rank":46
  },
  "1105":{
    "name": "黄龙丹",
    "type": "丹药",
    "buff_type": "hp",
    "buff": 0.25,
    "price": 100000,
    "selling": 100,
    "desc": "回复状态的25%，列阵境以上可以使用！",
    "境界": "列阵境",
    "status": 1,
    "quantity": 1,
    "day_num":10,
    "all_num":999999,
    "rank":43
  },
  "1106":{
    "name": "回元丹",
    "type": "丹药",
    "buff_type": "hp",
    "buff": 0.3,
    "price": 100000,
    "selling": 100,
    "desc": "回复状态的30%，尊者境以上可以使用！",
    "境界": "尊者境",
    "status": 1,
    "quantity": 1,
    "day_num":10,
    "all_num":999999,
    "rank":40
  },
  "1107":{
    "name": "回春丹",
    "type": "丹药",
    "buff_type": "hp",
    "buff": 0.35,
    "price": 100000,
    "selling": 100,
    "desc": "回复状态的35%，神火境以上可以使用！",
    "境界": "神火境",
    "status": 1,
    "quantity": 1,
    "day_num":10,
    "all_num":999999,
    "rank":37
  },
  "1108":{
    "name": "养元丹",
    "type": "丹药",
    "buff_type": "hp",
    "buff": 0.4,
    "price": 100000,
    "selling": 100,
    "desc": "回复状态的40%，真一境以上可以使用！",
    "境界": "真一境",
    "status": 1,
    "quantity": 1,
    "day_num":10,
    "all_num":999999,
    "rank":34
  },
  "1109":{
    "name": "太元真丹",
    "type": "丹药",
    "buff_type": "hp",
    "buff": 0.45,
    "price": 100000,
    "selling": 100,
    "desc": "回复状态的45%，圣祭境以上可以使用！",
    "境界": "圣祭境",
    "status": 1,
    "quantity": 1,
    "day_num":10,
    "all_num":999999,
    "rank":31
  },
  "1110":{
    "name": "九阳真丹",
    "type": "丹药",
    "buff_type": "hp",
    "buff": 0.5,
    "price": 100000,
    "selling": 100,
    "desc": "回复状态的50%，天神境以上可以使用！",
    "境界": "天神境",
    "status": 1,
    "quantity": 1,
    "day_num":10,
    "all_num":999999,
    "rank":28
  },
  "1111":{
    "name": "归藏灵丹",
    "type": "丹药",
    "buff_type": "hp",
    "buff": 0.6,
    "price": 100000,
    "selling": 100,
    "desc": "回复状态的60%，虚道境以上可以使用！",
    "境界": "虚道境",
    "status": 1,
    "quantity": 1,
    "day_num":10,
    "all_num":999999,
    "rank":25
  },
  "1112":{
    "name": "天命血凝丹",
    "type": "丹药",
    "buff_type": "all",
    "buff": 0,
    "price": 100000,
    "selling": 100,
    "desc": "回复全部状态，斩我境以上可以使用！",
    "境界": "斩我境",
    "status": 1,
    "quantity": 1,
    "day_num":10,
    "all_num":999999,
    "rank":22
  },


  "1500":{
    "name": "冰心丹",
    "type": "丹药",
    "buff_type": "level_up_rate",
    "buff": 1,
    "price": 100000,
    "selling": 100,
    "desc": "使下一次突破成功几率增加1%，尊者境以上可使用",
    "境界": "尊者境",
    "status": 1,
    "quantity": 1,
    "day_num":10,
    "all_num":100,
    "rank":40
},
 "1501":{
    "name": "明心丹",
    "type": "丹药",
    "buff_type": "level_up_rate",
    "buff": 1,
    "price": 100000,
    "selling": 100,
    "desc": "使下一次突破成功几率增加1%，神火境以上可使用",
    "境界": "神火境",
    "status": 1,
    "quantity": 1,
    "day_num":10,
    "all_num":100,
    "rank":37
},
 "1502":{
    "name": "幻心玄丹",
    "type": "丹药",
    "buff_type": "level_up_rate",
    "buff": 1,
    "price": 100000,
    "selling": 100,
    "desc": "使下一次突破成功几率增加1%，真一境以上可使用",
    "境界": "真一境",
    "status": 1,
    "quantity": 1,
    "day_num":10,
    "all_num":100,
    "rank":34
},
 "1503":{
    "name": "鬼面炼心丹",
    "type": "丹药",
    "buff_type": "level_up_rate",
    "buff": 1,
    "price": 100000,
    "selling": 100,
    "desc": "使下一次突破成功几率增加1%，圣祭境以上可使用",
    "境界": "圣祭境",
    "status": 1,
    "quantity": 1,
    "day_num":10,
    "all_num":100,
    "rank":31
},
 "1504":{
    "name": "少阴清灵丹",
    "type": "丹药",
    "buff_type": "level_up_rate",
    "buff": 1,
    "price": 100000,
    "selling": 100,
    "desc": "使下一次突破成功几率增加1%，天神境以上可使用",
    "境界": "天神境",
    "status": 1,
    "quantity": 1,
    "day_num":10,
    "all_num":100,
    "rank":28
},
 "1505":{
    "name": "天命炼心丹",
    "type": "丹药",
    "buff_type": "level_up_rate",
    "buff": 1,
    "price": 100000,
    "selling": 100,
    "desc": "使下一次突破成功几率增加1%，虚道境以上可使用",
    "境界": "虚道境",
    "status": 1,
    "quantity": 1,
    "day_num":10,
    "all_num":100,
    "rank":25
},
  "1506":{
    "name": "斩我丹",
    "type": "丹药",
    "buff_type": "level_up_rate",
    "buff": 1,
    "price": 100000,
    "selling": 100,
    "desc": "使下一次突破成功几率增加1%，斩我境以上可使用",
    "境界": "斩我境",
    "status": 1,
    "quantity": 1,
    "day_num":10,
    "all_num":100,
    "rank":22
  },
  "1507":{
    "name": "苦茶子",
    "type": "丹药",
    "buff_type": "level_up_rate",
    "buff": 1,
    "price": 100000,
    "selling": 100,
    "desc": "使下一次突破成功几率增加1%，遁一境以上可使用",
    "境界": "遁一境",
    "status": 1,
    "quantity": 1,
    "day_num":10,
    "all_num":100,
    "rank":19
  },

  "1999":{
    "name": "渡厄丹",
    "type": "丹药",
    "buff_type": "level_up",
    "buff": 0,
    "price": 100000,
    "selling": 100,
    "desc": "使下一次突破丢失的修为减少为0！",
    "境界": "圣祭境",
    "status": 1,
    "quantity": 1,
    "rank":50
}
}