{
  "江湖好手": {
    "讨伐成群野狼": {
      "level": "易",
      "succeed": "你用学过的凡人武学轻松讨伐了狼群",
      "fail": "遇到了有一级妖兽坐镇的狼群，只能落荒而逃..."
    }
  },
  "搬血境": {
    "捕捉抱抱兔": {
      "level": "易",
      "succeed": "在密林中埋伏半个时辰，成功抓到了抱抱兔！",
      "fail": "大意轻敌，抱抱兔钻进洞窟一下就没了踪影"
    },
    "讨伐天青蟒": {
      "level": "中",
      "succeed": "一番恶战，成功讨伐天青蟒，换取了灵石！",
      "fail": "修为尚浅做不到过目不忘，忘记了天青蟒的出没地点..."
    }
  },
  "洞天境": {
    "驱逐幻毒蛾": {
      "level": "易",
      "succeed": "你运用定神香和火属性法宝成功驱散了幻毒蛾群",
      "fail": "由于不了解幻毒蛾特性，被困在虫群幻境中三天三夜..."
    },
    "讨伐成年血玉蜘蛛": {
      "level": "中",
      "succeed": "成功讨伐血玉蜘蛛，将其一身材料换成了灵石",
      "fail": "不敌狂化后的血玉蜘蛛，只能暂时退走"
    },
    "讨伐墨蛟": {
      "level": "中",
      "succeed": "成功讨伐墨蛟，将其一身材料换成了灵石",
      "fail": "在墨蛟中发现一粉红小球后失去意识，醒来屁股痛痛的..."
    }
  },
  "化灵境": {
    "捕捉金背螳螂": {
      "level": "易",
      "succeed": "在金背螳螂洞外布下数个法阵，以逸待劳成功将其捕获！",
      "fail": "防御法宝难敌大镰锋利，捕捉失败了..."
    },
    "讨伐婴鲤兽": {
      "level": "中",
      "succeed": "使用霹雳手段，不费功夫就成功讨伐了婴鲤兽！",
      "fail": "一时大意被婴鲤兽的声波攻击伤及神魂，差点变成dinner..."
    },
    "讨伐火岩蜥": {
      "level": "中",
      "succeed": "用饵食将火岩蜥引出后成功将其击杀！",
      "fail": "出手不够果断，火岩蜥跳进岩浆一下就消失了..."
    },
    "捕捉亚成年裂风兽": {
      "level": "难",
      "succeed": "潜伏半个月之久，终于趁裂风兽外出之时抓到了目标！",
      "fail": "不慎被成年裂风兽发现，被追得屁滚尿流..."
    }
  },
  "铭纹境": {
    "捕捉撼地土龙": {
      "level": "易",
      "succeed": "动用一件偶然获得的土系秘宝，轻松捕获了土龙",
      "fail": "你急了，在土龙潜入地下时发动了土系大神通，直接将其灭杀在了地下..."
    },
    "讨伐古墓炼尸王": {
      "level": "中",
      "succeed": "路遇渣渣辉，一刀999爆了僵尸王！",
      "fail": "被大波僵尸淹没，完全无法进入古墓深层..."
    },
    "捕捉冥河鳐": {
      "level": "中",
      "succeed": "你仗着法力深厚，直接将冥河鳐从水中摄了出来，恐怖如斯！",
      "fail": "你活了几百年才发现自己有深海恐惧症...任务失败"
    },
    "清除蛮荒噬灵蚁群": {
      "level": "难",
      "succeed": "上空大能斗法产生的空间裂缝将蚁群吸进大半，无耻的你直接冒领所有功劳",
      "fail": "你活了几百年才发现自己有密集恐惧症...任务失败"
    }
  },
  "列阵境": {
    "扑杀幽冥鬼王": {
      "level": "中",
      "succeed": "在一天之中阳气最盛之刻深入魔窟，一番厮杀成功扑杀鬼王！",
      "fail": "你是一个坚定的唯物主义者，笑死根本看不见鬼王，任务失败！"
    },
    "捕捉真阳火鸦": {
      "level": "中",
      "succeed": "撞到真阳火鸦群和魔烟鸟群争斗，藏匿在一旁捉到不少火鸦，任务完成！",
      "fail": "没带备用衣服的你屁股被金乌真火烧出一个大洞，只能先行退走..."
    },
    "讨伐上古灵石卫": {
      "level": "难",
      "succeed": "运用在古籍中学到的口诀成功弱化石卫，轻松将其讨伐!",
      "fail": "被灵石卫一个大飞脚踹掉腰子，任务失败"
    },
    "捕捉成熟体噬金虫": {
      "level": "高难",
      "succeed": "鏖战消耗再加上木系秘宝，成功收取噬金虫！",
      "fail": "成熟体噬金虫异常凶猛，你的全身法器都被啃光了..."
    }
  },
  "尊者境": {
    "捕捉豹麟兽": {
      "level": "中",
      "succeed": "引诱豹麟兽吃掉下药的灵果，在其昏昏欲睡之时成功捕获！",
      "fail": "豹麟兽神智已开身法鬼魅，猪鼻的你毫无办法..."
    },
    "击杀千目妖": {
      "level": "中",
      "succeed": "一张鬼图在它眼中要过一千次！千目妖在被吓住的瞬间被你一剑斩杀",
      "fail": "你有社恐，被太多眼睛盯着会想死，任务只能再行商议..."
    },
    "击杀肆虐妖龙": {
      "level": "难",
      "succeed": "你调动全身法力流转，天外一击直接斩杀妖龙！",
      "fail": "你调动全身法力流转，瞄准妖龙天外一击结果致命空枪！"
    },
    "捕捉芝仙": {
      "level": "难",
      "succeed": "被追杀的芝仙一头攒到你身上，将其收取后成功逃脱！",
      "fail": "被追杀的芝仙一头攒到你身上，你虽然将其收取却没能逃过追兵，只能乖乖交出芝仙..."
    },
    "捕捉火珊群岛怪蛾": {
      "level": "高难",
      "succeed": "你法体强横，怪蛾的诡异攻击对你毫无办法，成功将其击杀！",
      "fail": "被怪蛾的声波攻击直接震散真元，在海底藏匿了一个月才出来"
    }
  },
  "神火境": {
    "捕捉孽形兽": {
      "level": "中",
      "succeed": "运用一种偏门神通，成功克制孽形兽将其捕获！",
      "fail": "即将成功的时候被孽形兽偷袭，捕捉失败..."
    },
    "捕捉先天雷兽": {
      "level": "中",
      "succeed": "用事先准备好的引雷珠，成功限制雷兽并将其捕获！",
      "fail": "动作太慢，事先准备的引雷珠吸收了过多天雷爆炸将你炸成重伤..."
    },
    "捕捉魔界擎天魔猿": {
      "level": "难",
      "succeed": "潜入魔界，成功捕获擎天魔猿！",
      "fail": "异想天开用玄天香蕉布下陷阱，结果无功而返..."
    },
    "破坏禁地伪仙儡": {
      "level": "难",
      "succeed": "激发莫大神通将伪仙儡一举横扫",
      "fail": "伪仙儡有上古阵法支撑能量源源不断，只能暂且退走..."
    },
    "捕捉六翼霜蚣": {
      "level": "高难",
      "succeed": "成功用此獠前主人的颜色小故事扰乱其心神，趁其分心将其捕获！",
      "fail": "六翼霜蚣遁速实在太快，跟在其后面吃灰三天之后只好作罢"
    }
  },
  "真一境": {
    "击杀虚无魇怪": {
      "level": "中",
      "succeed": "正无可奈何之时，虚无魇怪被路过的啼魂兽吸走了！",
      "fail": "完全找不到虚无魇怪的本体，只好作罢..."
    },
    "重伤兽化鱼店主": {
      "level": "中",
      "succeed": "你虽然深受重伤，却也成功打散了鱼店主的兽化，任务完成！",
      "fail": "根本无法抵挡变身后的鱼店主，只能一边睚眦欲裂一边疯狂逃命！"
    },
    "捕捉碧海人面蛟": {
      "level": "难",
      "succeed": "潜伏数月，成功捕获人面蛟幼崽！",
      "fail": "深海恐惧症发作暴露行踪，被大乘期人面蛟一击重伤后遁走..."
    },
    "斩杀螟虫之母分身": {
      "level": "难",
      "succeed": "一人扛下压力，力斩螟虫分身！",
      "fail": "缺少强力帮手，行动失败了..."
    },
    "抵挡游天鲲鹏隔界一击": {
      "level": "高难",
      "succeed": "灵机一动全力撕开空间裂缝招来罗睺，成功祸水东引完成任务！",
      "fail": "你瞬息之间布下九道防御，然而瞬息之间被全部打碎了..."
    }
  },
  "圣祭境": {
    "重伤真灵阳鹿": {
      "level": "中",
      "succeed": "随意抬手一击重伤阳鹿，扬名灵界！",
      "fail": "随意抬手一击阳鹿毫发无损，装比失败被传为笑柄..."
    },
    "重伤真灵毕方": {
      "level": "中",
      "succeed": "用苦修几千年的渡劫级冷笑话，短短几句话就重伤了火鸟毕方！",
      "fail": "对毕方以火攻火引发灵火反噬，被白白吸走五十年苦修..."
    },
    "击杀冥罗阴鬼王": {
      "level": "难",
      "succeed": "从好友处借来纯阳至宝，成功天克鬼王将其击杀！",
      "fail": "冥罗鬼王专克阴阳人，你被鬼王天克..."
    },
    "驱逐天外魔君": {
      "level": "难",
      "succeed": "布下禁忌大阵日夜等待，天外魔君自投罗网轻松将其驱逐",
      "fail": "不想写了，总之你人品不行失败了..."
    },
    "击杀真灵上古邪龙": {
      "level": "高难",
      "succeed": "底牌全开突破界限力克邪龙，此役之后纵横灵界！",
      "fail": "用尽底牌难敌最强真灵，道心受挫玉玉五百年"
    }
  },
  "天神境": {
    "重伤真灵阳鹿": {
      "level": "中",
      "succeed": "随意抬手一击重伤阳鹿，扬名灵界！",
      "fail": "随意抬手一击阳鹿毫发无损，装比失败被传为笑柄..."
    },
    "击杀冥罗阴鬼王": {
      "level": "难",
      "succeed": "从好友处借来纯阳至宝，成功天克鬼王将其击杀！",
      "fail": "冥罗鬼王专克阴阳人，你被鬼王天克..."
    },
    "驱逐天外魔君": {
      "level": "难",
      "succeed": "布下禁忌大阵日夜等待，天外魔君自投罗网轻松将其驱逐",
      "fail": "不想写了，总之你人品不行失败了..."
    },
    "击杀真灵上古邪龙": {
      "level": "高难",
      "succeed": "底牌全开突破界限力克邪龙，此役之后纵横灵界！",
      "fail": "用尽底牌难敌最强真灵，道心受挫玉玉五百年"
    }
  },
  "虚道境": {
    "重伤真灵阳鹿": {
      "level": "中",
      "succeed": "随意抬手一击重伤阳鹿，扬名灵界！",
      "fail": "随意抬手一击阳鹿毫发无损，装比失败被传为笑柄..."
    },
    "击杀冥罗阴鬼王": {
      "level": "难",
      "succeed": "从好友处借来纯阳至宝，成功天克鬼王将其击杀！",
      "fail": "冥罗鬼王专克阴阳人，你被鬼王天克..."
    },
    "驱逐天外魔君": {
      "level": "难",
      "succeed": "布下禁忌大阵日夜等待，天外魔君自投罗网轻松将其驱逐",
      "fail": "不想写了，总之你人品不行失败了..."
    },
    "击杀真灵上古邪龙": {
      "level": "高难",
      "succeed": "底牌全开突破界限力克邪龙，此役之后纵横灵界！",
      "fail": "用尽底牌难敌最强真灵，道心受挫玉玉五百年"
    }
  }
}